Allende,Bussi,María Isabel,Isabel Allende,44
Alvear,Valenzuela,María Soledad,Soledad Alvear,44
Bianchi,Chelech,Carlos Antonio,Carlos Bianchi,44
Cantero,Ojeda,Carlos Raúl,Carlos Cantero,44
Coloma,Correa,Juan Antonio,Juan Antonio Coloma,44
Chahuán,Chahuán,Francisco Javier,Francisco Chahuán,44
Escalona,Medina,Camilo Enrique,Camilo Escalona,44
Espina,Otero,Alberto Miguel,Alberto Espina,44
Frei,Ruiz Tagle,Eduardo Alfredo ,Eduardo Frei,44
García,Ruminot,José Gilberto ,José García Ruminot,44
García Huidobro,Sanfuentes,Alejandro ,Alejandro García Hudiobro,44
Girardi,Lavín,Guido ,Guido Girardi,44
Gómez,Urrutia,José Antonio,José Antonio Gómez,44
Horvath,Kiss,Antonio Carlos,Antonio Horvath,44
Kuschel,Silva,Carlos Ignacio,Carlos Kuschel,44
Lagos,Weber,Ricardo ,Ricardo Lagos Weber,44
Larraín,Fernández,Hernán ,Hernán Larraín,44
Larrain,Peña,Carlos ,Carlos Larraín,44
Letelier,Morel,Juan Pablo,Juan Pablo Letelier,44
Muñoz,Aburto,Pedro Héctor,Pedro Muñoz,44
Navarro,Brain,Alejandro ,Alejandro Navarro,44
Novoa,Vásquez,Jovino ,Jovino Novoa,44
Orpis,Bouchon,Jaime ,Jaime Orpis,44
Pérez,San Martín,Lily ,Lily Pérez,44
Pérez,Varela,Víctor ,Víctor Pérez,44
Pizarro,Soto,Jorge ,Jorge Pizarro,44
Prokurica,Prokurica,Baldo Petar,Baldo Prokurica,44
Quintana,Leal,Jaime ,Jaime Orpis,44
Rincón,González,Ximena Cecilia,Ximena Rincón,44
Rossi,Ciocca,Fulvio Fabrizio,Fulvio Rossi,44
Ruiz-Esquide,Jara,Sergio Mariano,Mariano Ruiz-Esquide,44
Sabag,Castillo,Hosaín ,Hosaín Sabag,44
Tuma,Zedán,Eugenio ,Eugenio Tuma,44
Uriarte,Herrera,Gonzalo Cristian,Gonzalo Uriarte,44
Von Baer,Jahn,Ena Anglein,Ena Von Baer,44
Walker,Prieto,Ignacio ,Ignacio Walker,44
Walker,Prieto,Patricio ,Patricio Walker,44
Zaldívar,Larraín,José Andrés,Andrés Zaldívar,44